,f1_0.2pct,model,precision_0.2pct,recall_0.2pct
0,0.25501071473591325,baseline,0.18839634941329855,0.39450078003120126
